# pool/executor UDF, 5M records, END-TO-END (input read+split+decode+partition INSIDE the timed region)
# 28 workers, median-of-3 after warmup, one system per process, --no-fault
# corpora byte-identical: light 532711015 / medium 2347403909 / heavy 6720381299
# generated 2026-10-08 on NEW/REFACTOR4.0 (036a24fb + slot-gate fix)
pool-light-28w,pool,udf,1002128.0507845592,2375.96875,-1.0,"out=5000000/5000000 records, end-to-end (input prep timed), trials=3",28c/Intel(R) Core(TM) i9-7940X CPU @ Linux 7.1.13-200.fc44.x86_64
pool-light-28w-prepart,pool,udf,1504535.0340388282,2375.96875,-1.0,"prepartitioned (input NOT timed), trials=3",28c/Intel(R) Core(TM) i9-7940X CPU @ Linux 7.1.13-200.fc44.x86_64
executor-light-28w,executor,udf,1018700.3875346937,2376.23828125,-1.0,"out=5000000/5000000 records, end-to-end (input prep timed), trials=3",28c/Intel(R) Core(TM) i9-7940X CPU @ Linux 7.1.13-200.fc44.x86_64
executor-light-28w-prepart,executor,udf,1543916.325481247,2376.23828125,-1.0,"prepartitioned (input NOT timed), trials=3",28c/Intel(R) Core(TM) i9-7940X CPU @ Linux 7.1.13-200.fc44.x86_64
pool-medium-28w,pool,udf,450715.72353394853,7825.06640625,-1.0,"out=4997892/5000000 lines, end-to-end (input prep timed), trials=3",28c/Intel(R) Core(TM) i9-7940X CPU @ Linux 7.1.13-200.fc44.x86_64
pool-medium-28w-prepart,pool,udf,749583.5507932849,7825.06640625,-1.0,"prepartitioned (input NOT timed), trials=3",28c/Intel(R) Core(TM) i9-7940X CPU @ Linux 7.1.13-200.fc44.x86_64
executor-medium-28w,executor,udf,453650.20638163347,7783.03515625,-1.0,"out=4997892/5000000 lines, end-to-end (input prep timed), trials=3",28c/Intel(R) Core(TM) i9-7940X CPU @ Linux 7.1.13-200.fc44.x86_64
executor-medium-28w-prepart,executor,udf,764352.2538133977,7783.03515625,-1.0,"prepartitioned (input NOT timed), trials=3",28c/Intel(R) Core(TM) i9-7940X CPU @ Linux 7.1.13-200.fc44.x86_64
pool-heavy-28w,pool,udf,80799.191202031,26647.2734375,-1.0,"out=4997982/5000000 lines, end-to-end (input prep timed), trials=3",28c/Intel(R) Core(TM) i9-7940X CPU @ Linux 7.1.13-200.fc44.x86_64
pool-heavy-28w-prepart,pool,udf,90970.8862809628,26647.2734375,-1.0,"prepartitioned (input NOT timed), trials=3",28c/Intel(R) Core(TM) i9-7940X CPU @ Linux 7.1.13-200.fc44.x86_64
executor-heavy-28w,executor,udf,79386.64492484198,26615.42578125,-1.0,"out=4997982/5000000 lines, end-to-end (input prep timed), trials=3",28c/Intel(R) Core(TM) i9-7940X CPU @ Linux 7.1.13-200.fc44.x86_64
executor-heavy-28w-prepart,executor,udf,90911.46932999002,26615.42578125,-1.0,"prepartitioned (input NOT timed), trials=3",28c/Intel(R) Core(TM) i9-7940X CPU @ Linux 7.1.13-200.fc44.x86_64
