make-canary	0	3
make-python-substrate	0	4
bash-bootstrap	0	1
python-bootstrap	0	1
test_frun.sh	0	35
test_frun_security.sh	1	23
test_c_plugins.sh	0	4
test_c_plugins_v2.sh	0	3
make-canary	0	4
make-python-substrate	0	4
bash-bootstrap	0	1
python-bootstrap	0	0
test_frun.sh	0	35
test_frun_security.sh	1	22
test_c_plugins.sh	0	4
test_c_plugins_v2.sh	0	2
make-canary	0	3
make-python-substrate	0	5
bash-bootstrap	0	1
python-bootstrap	0	0
test_frun.sh	0	36
test_frun_security.sh	1	22
test_c_plugins.sh	0	4
test_c_plugins_v2.sh	0	2
test_c_plugins_rigorous.sh	0	41
test_c_plugins_raw.sh	0	2
test_c_plugins_stdin.sh	1	2
test_c_plugins_config.sh	0	1
canary	0	0
test_frun.sh	0	35
test_frun_security.sh	0	22
test_c_plugins.sh	0	3
test_c_plugins_v2.sh	0	2
test_c_plugins_rigorous.sh	0	41
test_c_plugins_raw.sh	0	2
test_c_plugins_stdin.sh	1	1
test_c_plugins_config.sh	0	2
make-canary	0	4
make-python-substrate	0	4
bash-bootstrap	0	1
python-bootstrap	0	0
test_frun.sh	0	35
test_frun_security.sh	1	22
test_c_plugins.sh	0	4
test_c_plugins_v2.sh	0	2
test_c_plugins_rigorous.sh	0	41
test_c_plugins_raw.sh	0	2
test_c_plugins_stdin.sh	1	2
test_c_plugins_config.sh	0	2
canary	0	0
python-suite-pass1	1	210
python-suite-pass2	1	212
gen_idl--check	0	0
gen_shim--check	0	0
tools/test_idl.py	0	1
test_shim_abi.py	0	0
check_canary_versions	0	0
ml5m-light	0	1090
ml5m-medium	0	2216
ml5m-heavy	0	7911
ml5m-fault	0	169
