cell,variant,kind,orchestrator,order,workers,median_s,rate_rec_s,input_bytes,total,valid,verdict,setup_s,eff_rate_rec_s
C-true-idx-light,light,C,True,index,28,0.92954,5379033.3,532711015,5000000,5000000,ok,,
C-true-idx-medium,medium,C,True,index,28,2.62432,1905258.6,2347403909,5000000,4997892,ok,,
C-true-idx-heavy,heavy,C,True,index,28,7.88573,634056.5,6720381299,5000000,4997982,ok,,
Py-true-idx-light,light,Py,True,index,28,3.19625,1564332.4,532711015,5000000,5000000,ok,,
Py-true-idx-medium,medium,Py,True,index,28,7.44046,672001.0,2347403909,5000000,4997892,ok,,
Py-true-idx-heavy,heavy,Py,True,index,28,55.75437,89679.1,6720381299,5000000,4997982,ok,,
C-false-none-light,light,C,False,none,28,0.74645,6698405.5,532711015,5000000,5000000,ok,,
C-false-none-medium,medium,C,False,none,28,2.14079,2335585.9,2347403909,5000000,4997892,ok,,
C-false-none-heavy,heavy,C,False,none,28,7.16091,698235.4,6720381299,5000000,4997982,ok,,
Py-false-none-light,light,Py,False,none,28,3.03653,1646618.4,532711015,5000000,5000000,ok,,
Py-false-none-medium,medium,Py,False,none,28,6.94640,719796.9,2347403909,5000000,4997892,ok,,
Py-false-none-heavy,heavy,Py,False,none,28,55.15000,90661.0,6720381299,5000000,4997982,ok-postfix,,
EXEC-C-fine-light,light,C,,,28,0.66282,7543491.0,532711015,5000000,5000000,ok,0.7,3668863.1
EXEC-C-coarse-light,light,C,,,28,0.70116,7131023.9,532711015,5000000,5000000,ok-secondary,0.6,3842725.0
EXEC-C-fine-medium,medium,C,,,28,1.56314,3198690.4,2347403909,5000000,4997892,ok,0.9,2029929.3
EXEC-C-coarse-medium,medium,C,,,28,2.04729,2442249.2,2347403909,5000000,4997892,ok-secondary,0.9,1696473.7
EXEC-C-fine-heavy-20M,heavy,C,,,28,19.31156,1035649.1,26880545542,20000000,19991658,ok-20M-scale,7.9,734981.8
