cell,variant,mode,nodes,workers,median_s,rate_per_s,reference_per_s,delta_pct,total,valid,verdict
ML-L-C-UMA,light,plugin,1,28,0.89937,5559458.0,6670000.0,-16.6,5000000,5000000,OUT
ML-L-C-@4,light,plugin,@4,28,1.05666,4731876.0,4760000.0,-0.6,5000000,5000000,ok
ML-M-C-UMA,medium,plugin,1,28,2.59564,1926304.0,2350000.0,-18.0,5000000,4997892,OUT
ML-M-C-@4,medium,plugin,@4,28,2.70737,1846810.0,1830000.0,+0.9,5000000,4997892,ok
ML-H-C-UMA-20M,heavy,plugin,1,28,31.19308,641168.0,690000.0,-7.1,20000000,19991658,ok
ML-H-C-@4-20M,heavy,plugin,@4,28,29.23749,684053.0,760000.0,-10.0,20000000,19991658,ok
ML-L-Py-UMA,light,python,1,28,3.18886,1567957.0,1480000.0,+5.9,5000000,5000000,ok
ML-L-Py-@4,light,python,@4,28,3.39214,1473995.0,1170000.0,+26.0,5000000,5000000,OUT-fast
ML-M-Py-UMA,medium,python,1,28,7.25337,689334.0,710000.0,-2.9,5000000,4997892,ok
ML-M-Py-@4,medium,python,@4,28,8.52864,586260.0,610000.0,-3.9,5000000,4997892,ok
SPAWN-M-UMA,medium-spawn,spawn,1,28,4.77491,1047140.0,1590000.0,-34.1,5000000,5000000,OUT
TOK-C-2M,tokenize,plugin,1,28,6.32844,316034.0,344000.0,-8.1,2000000,2000000,ok
TOK-Exec-2M,tokenize,executor,1,28,12.67600,157779.0,168000.0,-6.1,2000000,2000000,ok
TOK-C-500k,tokenize,plugin,1,28,3.29936,151545.0,304500.0,-50.2,500000,500000,OUT-secondary
STREAM-IDX-M,medium,stream-idx,1,28,6.22900,802697.0,, ,5000000,4997892,ok-nowarn
RETURN_STATS-M-C-UMA,medium,plugin-stats,1,28,,2570-batches-completed-2570-poisoned-0,,,5000000,4997892,ok
ML-L-C-UMA-False,light,plugin-False,1,28,0.76935,6499001.0,6670000.0,-2.6,5000000,5000000,ok
ML-M-C-UMA-False,medium,plugin-False,1,28,2.20058,2272133.0,2350000.0,-3.3,5000000,4997892,ok
SPAWN-M-UMA-False,medium-spawn,spawn-False,1,28,3.50255,1427533.0,1590000.0,-10.2,5000000,5000000,borderline-noisy
